community_id,theme,processing_time,status
1,Drug Metabolism and Pharmacokinetics Changes,252,success
2,Mechanical Properties of Organic Cocrystals and Polymorphs,328,success
3,Electrochemical Sensors for Analyte Detection and Quantification,329.5,success
4,Pharmaceutical Research and Development Projects,227.8,success
5,Emerging Contaminants in Water and Wastewater Systems,334.6,success
6,Caffeine's Effects on Physical Performance and Cognition,163.6,success
7,Perovskite Solar Cells and Molecular Defect Passivation Approaches,73,success
8,Cognitive and Motor Performance in the Visuo-Motor System,202,success
9,Psychostimulant Effects on Brain Development,100.7,success
10,Caffeine Adsorption and Health Effects,243.3,success
11,Advanced Materials for Environmental Remediation Applications,122.6,success
12,Green Catalysts for One-Pot Synthesis Reactions,84.1,success
13,Sublingual Drug Delivery and Mucosal Membrane Permeability,61.3,success
14,Caffeine's Effects on Brain Functions and Synaptic Plasticity,133,success
15,Pharmaceutical Residues in Drinking Water Sources,307.6,success
16,Aqueous Two-Phase Systems for Caffeine Partitioning Research,51.5,success
17,Carbon Nitride Graphene Oxide Hybrid Materials Research,54.8,success
18,Botanical Insecticides from Tea Extracts for Pest Control,201.2,success
19,Molecular Dynamics of Drug Aggregation and Solubility,228.7,success
20,GPCRs and Adenosine Receptor Research Cluster Content,75.6,success
21,Gut Microbiota and Obesity Research,263.6,success
22,Yeast Protein Lysine Methylation Research Cluster Content,78.6,success
23,Maternal Lifestyle and Socioeconomic Status Correlation,80,success
24,Nanoparticles for Lung Cancer Treatment Research,44.7,success
25,Calcium Binding Site Dynamics in Smooth Muscle Cells,61.4,success
26,MicroRNA Regulation in Tea Plant Development,256.2,success
27,Herbal Medicine Safety and Regulation Issues,301.6,success
28,Pharmacokinetic Interactions and Herbal-Drug Interactions,355.9,success
29,Ryanodine Receptors and Calcium Signaling Mechanisms,203.4,success
30,Dietary Influences on Migraine Pathophysiology and Treatment,134.4,success
31,Protein-based biosensors for enhanced detection sensitivity and specificity,90.9,success
32,Nanoparticle Encapsulation for Controlled Drug Delivery Systems,49.1,success
33,Food Science and Technology Research Cluster,226.2,success
34,Tea's Health Benefits Across Different Seasons,42.9,success
35,Urinary Incontinence Treatment During Pregnancy Options,82.9,success
36,Encapsulation of Bioactive Compounds from Fermented Tea Leaf Wastewater,177.1,success
37,Caffeine's Impact on Human Health and Performance,282.3,success
38,Chemicals in Consumer Products and Ecosystems,251.2,success
39,Coffee Consumption and Sleep-Disordered Breathing Research,83.7,success
40,Respiratory Consequences in Premature Infants,309.5,success
41,Dietary Habits and Physical Activity Patterns in Children with Autism,101.9,success
42,Cannabinoids and Neuroprotection Strategies,263.6,success
43,Neural Correlates of Consciousness and Anesthesia Research,236.9,success
44,Animal Models for Anxiety Research,235.7,success
45,Wound Healing with Electrospun Nanofibers and Antimicrobial Agents,51.9,success
46,Liquid Chromatography Method Validation Techniques,89.2,success
47,Circadian Rhythm Disorders and Treatments,308,success
48,Coffee Consumption and Metabolic Syndrome Research,123.9,success
49,Environmental Impact of Emerging Contaminants in Water Systems,208.7,success
50,Crystal Engineering for Pharmaceutical Applications,179.9,success
51,Pharmaceutical Particle Analysis and Quality Control Methods,66.1,success
52,Antioxidant Properties of Tea Extracts in Cosmetics,194.3,success
53,Magnetic Nanocatalysts from Spent Coffee Grounds,280.2,success
54,Lifestyle Factors and Inflammation Research Cluster,187.6,success
55,Pharmaceuticals and their Disintegration Behavior Studied,171.2,success
56,Detection Methods for Caffeine in Various Samples,288.8,success
57,Pharmaceuticals and Their Dissolution Rates Studied,57.7,success
58,Liquid Chromatography in Food and Feed Analysis,158.3,success
59,Synthesis and Evaluation of Caffeine Derivatives,59.7,success
60,Electrochemical Sensors for Ascorbic Acid Detection Research,45.4,success
61,Biomedical Research and Development Platforms,94.2,success
62,Ocular Drug Delivery Systems and Therapeutic Efficacy,109.9,success
63,Exploring the Intersection of Technology and Community Development Initiatives,5.1,success
64,Removal of Pharmaceuticals from Water Sources,189.4,success
65,Cognitive Function and Phytochemicals Interaction,215,success
66,Exploring the Intersection of Technology and Community Development Initiatives,5.1,success
67,Caffeine's Anti-Tumor Immune Modulating Effects Revealed,121,success
68,Respiratory Distress Syndrome Management Guidelines Update,301.3,success
69,Health Risks of Caffeine Consumption,296.1,success
70,Biochemical Effects of Caffeine and EGCG on Human Endothelial Cells,187.7,success
71,Caffeine's Effect on Brain-Computer Interface Signals,72.9,success
72,Wastewater as a Tool for Population Health Insights,193,success
73,Social Influence on Pain Perception Outcomes,202.2,success
74,Green Tea's Effects on Brain Activity,65.5,success
75,Exploring Local Resources and Services in Rural Communities Worldwide Today,6.4,success
76,Emerging Contaminant Removal Technologies,234.3,success
77,Restless Legs Syndrome Research Cluster Content,51.7,success
78,Calorimetry Techniques in Peptide-Metal Ion Interactions Research,58.3,success
79,Ocular Biometric Changes After Caffeine Consumption,107.4,success
80,Coordination Chemistry and Biological Applications of Caffeine Complexes,183.7,success
81,Quantifying Emerging New Psychoactive Substances in Forensic Analysis,83.8,success
82,Stability Indicating UV Spectrophotometric Method Development,46.8,success
83,Caffeine's Effects on Seizure Activity and Brain Function,316.4,success
84,Alcohol and Energy Drink Combinations Research Study,81.4,success
85,Caffeine and Alcohol Reward Studies in Mice Models,72.9,success
86,Nitrous Oxide Abuse in Whipped Cream Dispensers,65.3,success
87,Action Potentials in Horizontal Cells of the Retina,122.1,success
88,Stress and Fertility in Women Research,138.8,success
89,Nutrition and Lifestyle Effects on Health Outcomes,297.1,success
90,Pharmaceuticals in Urban Water Systems,94.7,success
91,Testicular Torsion Research and Modafinil Treatment Effects,89.6,success
92,Biosynthesis and Degradation of Methylxanthines Enzymes,189.9,success
93,Purinergic Signaling in Brain Development and Function,284.4,success
94,Calcium Ions and Associative Learning Mechanisms,79,success
95,Drug-Drug Interaction and Metabolic Pathways Research,78.3,success
96,Cancer Treatment Efficacy Research Studies,97.8,success
97,Microbial Communities and Their Impact on Human Health,177.4,success
98,Cellular Stress Response and Adaptation Mechanisms,193.3,success
99,Plant Metabolomics and Environmental Stress Response,101.2,success
100,Pharmaceuticals in Water and Human Health Risks,210.1,success
101,Speech Therapy for Chronic Cough Management,275,success
102,Coffee Grounds as a Valuable Resource,287.9,success
103,Exploring the Intersection of Technology and Community Development Initiatives,6,success
104,Caffeine's Impact on Adenosine Receptors,322.4,success
105,Nutrition and Supplements in Sports Performance,196.1,success
106,Coffee's Protective Effects on Human DNA Integrity,71.3,success
107,Coffee and Tea Cancer Research Findings,74.6,success
108,Type D Personality and Cardiovascular Reactivity Interactions,57.2,success
109,Coffee's Health Benefits and Risks Research,214.3,success
110,Caffeine's Impact on Bone Mineral Density and Vitamin D Receptor,62.9,success
111,Green Tea Processing and Chemical Constituent Analysis,50.1,success
112,Environmental Factors and Childhood Leukaemia Risk,79,success
113,Bioactive Compounds in Food Systems,301.6,success
114,Coffee Extraction Simulation Models,72.9,success
115,Environmental Contaminants and Human Health Risks Worldwide,201.5,success
116,Phytochemicals from Coffee and Cocoa By-Products Research,190.5,success
117,Nutritional Interventions for Non-Alcoholic Fatty Liver Disease,239.1,success
118,Caffeine Theanine Tyrosine Athletic Performance Enhancement Study,112,success
119,Anemia in Pregnancy: A Public Health Concern Worldwide,137.4,success
120,Community Engagement Strategies for Sustainable Urban Development Initiatives,4.3,success
121,Caffeine's Multiple Applications in Medicine and Cosmetics,176.9,success
122,Microfluidic Dried Blood Spot Sampling Technology,157.7,success
123,Muscle Bone Crosstalk Mechanisms Revealed,135.6,success
124,Emerging Contaminants in Water and Air Environments Worldwide,208.7,success
125,Green Extraction Methods for Natural Compounds Optimization,82.3,success
126,Maternal Metabolome Changes During Early Pregnancy,94.9,success
127,Solvent Interactions in Caffeine Extraction Process,60.3,success
128,Coffee's Impact on Health Outcomes,256.5,success
129,Caffeine and Exercise Performance Optimization Strategies,228.3,success
130,Pu'erh Tea Fermentation Process Research Findings Revealed,70.4,success
131,Pharmaceutical Cocrystal Characterization Techniques Development,109.9,success
132,Photocatalytic Degradation of Micropollutants in Water Environments,87.7,success
133,Nanoconjugates for Respiratory Function Restoration,89.5,success
134,Quantitative Caffeine Analysis in Beverages and Supplements,80.1,success
135,Drowsiness Detection in Commercial Motor Vehicle Operations,218.3,success
136,Phytochemicals and Their Therapeutic Effects,217.7,success
137,Caffeine's Impact on Fetal Development and Behavior,135.7,success
138,Antibiotic Penetration in Immune Cells Studied,82,success
139,Vascular Smooth Muscle Cell Regulation Dynamics,82.6,success
140,Metal Complexes for Catalysis and Antimicrobial Activity,161,success
141,Caffeine's Impact on Ethanol Consumption Patterns,89.7,success
142,Pig Fertility and Seminal Supplement Effects Study,89.2,success
143,Caffeine's Effects on Neurotransmitters and Exercise Performance,61.2,success
144,Extraction Methods for Caffeine Analysis,211.9,success
145,Dermatology Complications of Cosmetic Procedures,44.7,success
146,Biocatalytic Synthesis of L-Theanine Enzymes and Conditions,61,success
147,Weight Loss with Herbal Medicine Extracts Studied,92.9,success
148,Chemiluminescence and Quantum Dots in Analytical Chemistry Applications,53.2,success
149,Deep Learning for Chemical Threat Detection,92.3,success
150,Forensic Analysis of Illicit Drugs and Adulterants,311.1,success
151,Sleep Patterns in Different Populations,283.2,success
152,Resveratrol's Neuroprotective Effects on Adenosine Receptors,200.5,success
153,Cardiac Arrhythmias and Electrophysiology Research Network,82.8,success
154,Pharmaceuticals and Drug Delivery Systems Research,206.3,success
155,Caffeine's Protective Effects on Premature Infant Lung Development,195,success
156,Metabolic Effects of Flavonoid-Caffeine Supplements on Women,129.6,success
157,Effects of Ethanol and Caffeine on MicroRNA Expression,141,success
158,Emerging Contaminants in Water Resources,236.6,success
159,Kratom Toxicity and Unintended Consequences in Young Adults,52.8,success
160,Cellulose and Hemicellulose Content Optimization Process,77.1,success
161,Economic Assessment of Caffeine Production from Black Tea Waste,81,success
162,Toxicokinetics of Paracetamol and Other Drugs in Rats,87,success
163,Autonomic Nervous System and Antisocial Behaviour Patterns,132,success
164,Urotherapy Interventions in Children with Bladder Bowel Dysfunction,74.9,success
165,Exercise and Nutrition for Chronic Disease Prevention,304.8,success
166,Coffee's Impact on Cancer Research,305.1,success
167,Caffeine in Aquaculture Research,238.9,success
168,Microbial Genomics of Novel Methylotrophic Bacteria Strains,28.9,success
169,Pediatric Gastroesophageal Reflux Disease Management Strategies,44.1,success
170,Caffeine Effects on Ice Hockey Performance,78.7,success
171,Prenatal Caffeine Exposure and Developmental Toxicity,304.5,success
172,Analytical Methods in Pharmaceutical Research,280.2,success
173,Pharmacokinetic Studies and Drug Metabolism Research,163.3,success
174,Pretreatment Effects on Lignocellulosic Agro-Food Wastes Fermentation,88.1,success
175,Electrophysiological Methods in Food Research Applications,59.9,success
176,Ionic Liquids in Phase Behavior and Explosive Detection,148.9,success
177,Exercise and Judo Performance Effects,219.8,success
178,Decaffeination Methods and Antioxidant Activity Effects,66.6,success
179,Caffeine's Impact on Mental Health and Behavior Studies,110.9,success
180,Sleep Disturbances in Adults and Children,289.2,success
181,Electro-Fenton Treatment of Coffee Industry Wastewater Effluent,88.4,success
182,Sleep Inertia and Cognitive Performance Impairments,147,success
183,Caffeine's Effect on Insect Vigilance Decrement,61.2,success
184,Genetics of Food Timing and Preferences,239,success
185,Impact of Irritable Bowel Syndrome on Daily Life Functions,89.1,success
186,Environmental Impact of DEET Exposure Studied,101,success
187,Nocturia Risk Factors in Community Residents Study,79.2,success
188,Caffeinated Alcohol Beverage Use Risks and Consequences,130.1,success
189,Nucleobase Analysis in Martian Soil Samples,88.5,success
190,Antioxidant Properties of Tea Compounds,293.8,success
191,Neurological Disorders and Caffeine Research Cluster,165.9,success
192,Cryopreservation Effects on Spermatozoa Quality and Viability,114.7,success
193,Rosin-Based Polymer Chromatography Applications Research,85.5,success
194,Antioxidant Properties of Caffeine and Copper/Zinc Superoxide Dismutase,96.6,success
195,Coffee's Effect on Alzheimer's Disease Pathologies,65.3,success
196,Calcium Homeostasis and Mitochondrial Permeability Transition Pore Regulation,85.4,success
197,Musculoskeletal Mechanics and Electromyographic Activity,219.3,success
198,Neonatal Drug Use Patterns Across European Regions,86.1,success
199,Multiplexed Microbead Assays for Wastewater Analysis,159.9,success
200,Shift Work and Lifestyle Factor Trajectories,78.2,success
201,Biosensors and Nanotechnology in Food Analysis,311.8,success
202,Membrane Technology for Water Purification and Treatment,174.9,success
203,Building Sustainable Futures Through Community-Led Innovation and Collaboration,5.1,success
204,Coffee Oil as Natural Surfactant Substitute,54.2,success
205,Hydrogel Research from Bees' Chitin Origin,34.3,success
206,Environmental Toxicology Research,230.6,success
207,Nutrigenomics and Personalized Nutrition Strategies,223.1,success
208,Chemicals Inducing Systemic Resistance in Arabica Coffee Plants,54.3,success
209,Medicinal Plant Diversity in Agroforestry Systems,64.7,success
210,Sweetener Synergy and Energy Drink Effects,116.4,success
211,Copeptin's Role in Renal Failure Research Studies,54.4,success
212,Periconceptional Maternal Lifestyle and Placental Health Impact,224.3,success
213,Microbiome-Gut-Brain Axis Research Findings,179.5,success
214,Antioxidants and Coronary Artery Disease Risk Factors,33.4,success
215,Pharmaceutical Residues in Freshwater Lakes Worldwide,85.7,success
216,Coffee's Impact on Human Health,293.2,success
217,Green Nanoporous Titanium Dioxide Research,43.9,success
218,Factors Affecting Resting Metabolic Rate Measurements Variability,92.1,success
219,Coffee Research and Development Initiatives Worldwide,302.5,success
220,Caffeine's Hidden Impact on Brain Development,48.2,success
221,Toxicology of New Psychoactive Substances in Human Tissues,178.1,success
222,Exploring the Intersection of Technology and Community Development Initiatives,5.8,success
223,Preventing Voice Disorders Among Teachers,79.6,success
224,Plant Metabolomics and Hormone Dynamics Analysis,100.5,success
225,Chromatography Signal Reconstruction Techniques,57,success
226,Polymer-Based Chromatographic Monolithic Column Development Research,64.4,success
227,Electrochemical Oxidation of Pharmaceuticals in Wastewater Streams,107.6,success
228,Caffeine Addiction Among University Students in Korea,50.3,success
229,Plant Extracts and Nutraceutical Properties,236.9,success
230,Antioxidant Properties of Tea Polyphenols,245.7,success
231,Effects of Caffeine on Fetal Health Outcomes,59.2,success
232,Cosmetic Product Transdermal Absorption and Skin Integrity Studies,74.7,success
233,Mechanisms of Tetrabenazine Facilitation of Exocytosis Revealed,129.1,success
234,Community Engagement Strategies for Small Town Revitalization Initiatives,5.3,success
235,Community Engagement Strategies in Rural and Urban Areas,5,success
236,Oxidative Stress and Apoptosis in Viral Infections,67.8,success
237,Electronic Cigarette Use Among Never-Smoking Youth,109.6,success
238,Caffeine Metabolism Inhibition Studies,108.4,success
239,Infant Behavior and Medication Efficacy Studies,22.1,success
240,Osteoporosis Research and Prevention Strategies for Healthy Bones,73.3,success
241,Caffeine's Effects on Operant Behavior and Reinforcement,80,success
242,Stability Indicating HPLC Method Development and Validation,56,success
243,Dietary Factors in Neurodegenerative Diseases Prevention,168.4,success
244,Exploring the Intersection of Technology and Rural Community Development,4.9,success
245,Liposomes and Drug Release Dynamics,71.8,success
246,Alpha-Amino Acid Surrogates Synthesis via Kabachnik-Fields Reaction,46.6,success
247,Neonatal Respiratory and Cardiovascular Complications,255.6,success
248,Polymer Synthesis and Extraction Methods Development,132.2,success
249,Pharmacokinetic Interactions with Methylxanthine Containing Beverages,56.3,success
250,The Effect of Open-Placebo on Cycling Performance,94.2,success
251,Coffee Biomarkers Across European Countries,76.1,success
252,Effects of Depot Medroxyprogesterone Acetate on Bone Density,81.8,success
253,Microbial Dynamics in Anaerobic Co-Digestion Systems,72.3,success
254,Green Tea's Anti-Obesity Properties Revealed,44.6,success
255,Exploring the Intersection of Technology and Community Development Initiatives,6.3,success
256,Caffeine's Impact on Adolescent Brain Development,58.5,success
257,Electrochemical Analysis of Biomolecules in Nanocomposite Materials,91.8,success
258,Muscle Function and Dysfunction Research Cluster,81.6,success
259,Modafinil Efficacy in Cognitive and Physical Performance Enhancement,136.4,success
260,Coffee Leaves as a Valuable Resource,293.4,success
261,Mitochondrial Dysfunction in Malignant Hyperthermia Susceptibility Model,80.5,success
262,Effects of Dexmedetomidine on Pulmonary Arterial Vascular Smooth Muscle,120.1,success
263,Regulation of Sleep by External Factors,163,success
264,Analyzing Novel Psychoactive Substances for Forensic Applications,150.4,success
265,Delivery Methods Impact Therapeutic Efficacy Outcomes Significantly Always,79.3,success
266,Caffeine's Effect on Weight Loss Outcomes,89.2,success
267,Tea Drinking Habits and Depressive Symptoms in Elderly Population,31.6,success
268,Coffee Consumption and Overactive Bladder Symptoms in Older Women,36,success
269,Coffee's Impact on Breast Cancer Risk Factors,66.8,success
270,Xenobiotics and Placental Development Research Findings Revealed,28.5,success
271,Carbon Electrodes in Water Analysis Research,70.7,success
272,Caffeine's Effect on Neonatal Piglet Vitality and Health,124.8,success
273,Spectrophotometric Assisted Mathematical Techniques Research Cluster,71.4,success
274,Validation of Alternative Analytical Methods,60.1,success
275,Coffee and Chronic Disease Prevention Research,53.5,success
276,Pharmaceuticals and Herbal Remedies Research Cluster Content,127.8,success
277,Cellulose Modification for Paper Reinforcement Optimization,65.7,success
278,Doping Prevention through Interactive Educational Games,89.9,success
279,Caffeine's Impact on Natural Dye Solar Cells Efficiency,62.3,success
280,Pharmacokinetics of Alnustone in Rat Plasma Studies,109.6,success
281,Antioxidant Properties of Fermented Cyperus Rotundus Extract,60.7,success
282,Biophysical Tools for High-Throughput Screening Applications,60.4,success
283,Caffeine's Neuroprotective Effects Against Beta-Amyloid Toxicity Studied,58.8,success
284,Coffee's Impact on Hepatitis B Virus Infection,69.9,success
285,Cannabis Use and Adverse Health Effects Research,64.9,success
286,Caffeine's Effects on Working Memory Functions Studied,36.5,success
287,Electrochemical Analysis of Cobalt Ferrite Nanoparticles,60.9,success
288,Carbon Nanotube Based THC Detection Technology Advancements,54.6,success
289,Mathematical Modeling of Drug Combinations,249.8,success
290,Urinary Tract Symptoms Management Strategies,104.4,success
291,Vascular Density in Aging Population Study,45.1,success
292,Exploring the Intersection of Technology and Community Development Initiatives,5.2,success
293,Fungal Genomics and Disease Association Studies,60.4,success
294,Tinnitus Treatment Outcomes and Associated Factors Research,80.6,success
295,Exploring the Intersection of Technology and Rural Community Development,5.5,success
296,Coffee Roasting Chemical Reaction Analysis,74.4,success
297,Emerging Pollutants in South African Urban Waters,168.9,success
298,Molecularly Imprinted Polymers in Electrochemical Sensing Applications,68.4,success
299,Mass Spectrometry and Thin-Layer Chromatography Techniques Combined,118,success
300,Exploring the Intersection of Technology and Community Development Initiatives,5,success
301,Caffeine's Hidden Health Benefits Revealed Through Research Studies,56.6,success
302,Caffeine Effects on Preterm Infant Physiology,137.4,success
303,Exploring the Intersection of Technology and Community Development Initiatives,4.6,success
304,Electrochemical Sensors for Pharmaceutical Applications Research,46.2,success
305,Caffeine's Antioxidant and Genotoxic Effects on Cells,104,success
306,Coffee Grinding and Extraction Methods Optimization,104.3,success
307,Portable Devices for Explosives Detection Research,101.8,success
308,Forensic Toxicology Analytical Techniques Development Research,68.3,success
309,Nanomaterials for Controlled Drug Release Applications,86.7,success
310,Drying Methods Affect Arabica Coffee Quality Significantly Always,49.5,success
311,Community Engagement through Data Driven Decision Making Initiatives,4.6,success
312,Cocoa Bean Bioactive Compound Diversity Research Project,53.7,success
313,Community Engagement Strategies in Urban Informal Settlements Worldwide Today,4.6,success
314,Exploring the Intersection of Technology and Community Development Initiatives,4.7,success
315,Coffee's Neuroprotective Effects on Traumatic Brain Injury,41.9,success
316,Muscular-Hydrostat Configuration of Octopus Arms Research,86.7,success
317,Sugar Content in Non-Carbonated Beverages in China,102.3,success
318,Ion Channels and Cellular Signaling Pathways,170.6,success
319,Metabolic Pathways in Urolithiasis Disease Research,75.8,success
320,Photocatalytic Degradation of Water Pollutants,290.8,success
321,Coffee's Effect on Parkinson's Disease Symptoms,59.4,success
322,Cardiac Arrhythmia and Neurodevelopmental Disorder Research,182.7,success
323,Stress Response and Physiological Measurement Outcomes,68.9,success
324,Aroma Compounds in Viscum articulatum Tea Research,85,success
325,Natural Ionic Liquids for Sustainable Catalysis Applications,65.6,success
326,Adenosine Receptor Modulators and Antagonists Research,258.2,success
327,Pharmaceutical Analysis Techniques and Methods Development,95.2,success
328,Electrochemistry for Sensing and Detection Applications,68.5,success
329,Phytoconstituents and Antinociceptive Activity Research,134.9,success
330,Permeability and Absorption in Frog Skin Research,175.2,success
331,Effects of Shuanghuanglian Injection on Cytochrome P450 Enzymes,81.8,success
332,Environmental Impact of Pesticide Exposure on Human Health,163.4,success
333,Caffeine's Impact on Cardiovascular Health Risks,135.5,success
334,Metabolomics and Lipidomics Biomarkers Research Cluster,98.2,success
335,Calcium Signaling in Malignant Hyperthermia Research,97.2,success
336,Caffeine's Effects on Human Neurotransmitters,70.1,success
337,Membrane Distillation for Water Purification and Concentration,69.6,success
338,Energy Drink Consumption and Regulatory Policies Impact,48.9,success
339,Noise Exposure on River Barges Crews Research Study,84.9,success
340,Chemical Sensors for Sudden Infant Death Syndrome Detection,72.7,success
341,Quantifying Caffeine with LC-MS/MS Techniques and Methods,55.8,success
342,Hair Follicle Biology and Photoprotectant Agents,103.2,success
343,Planarians in a Caffeine-Fueled Science Experiment Challenge,39.5,success
344,Caffeine's Effect on Dribbling Speed in Elite Basketball Players,89.2,success
345,Analytical Methods for Caffeine Determination in Beverages Worldwide,56.3,success
346,Community Engagement Strategies for Small Town Revitalization Initiatives,5.2,success
347,Antioxidant Effects on Stress and Anxiety Reduction,103.9,success
348,Zwitterions in Aqueous Biphasic Systems Research,72.8,success
349,Xanthine Derivatives in Bone Regeneration Research,92.6,success
350,Stress and Immune System Interactions in Mice Research,156.5,success
351,Pharmacokinetics of Fixed-Dose Combination Medications,109.1,success
352,Taste Receptors and Insecticidal Chemicals Interactions,99.9,success
353,Polymer Membranes for Controlled Drug Delivery Systems,84.9,success
354,Exercise-Induced Gastrointestinal Distress in Athletes,324.6,success
355,Ionization Methods for Ambient Mass Spectrometry Analysis,98.3,success
356,Exploring Digital Literacy in Rural Community Development Initiatives,5.9,success
357,Vocal Hydration Effects on Voice Quality Research,99.1,success
358,Metabolism and Enzyme Activity Variations Across Species,73.3,success
359,Caffeine Use in Premature Infant Health Study,84.5,success
360,Coffee Plantation Shading Effects Research Study Results,63.2,success
361,Impact of Night Shift Work on Cognitive Performance,85.2,success
362,Mitochondrial Dysfunction in Critical Illness Treatment,142.3,success
363,The Power of Placebo Effects on Human Performance,217.8,success
364,Equine Doping Regulations and Performance-Enhancing Substances Research,67.8,success
365,Cytochrome P450 Enzyme Substrate Interactions Revealed,89.1,success
366,Coffee Consumption and Mortality Outcomes Research,171.1,success
367,Dietary Inflammation and Mental Health Disorders,114,success
368,Coffee and Genetics Interaction Study,131.1,success
369,Matcha's Anxiolytic Effects on Brain Functions Studied,59.1,success
370,Water Treatment Technologies for Emerging Pollutants Removal,109.3,success
371,Green Tea Catechin Content Variations Study Results,86,success
372,Chrysin's Effects on Parkinson's Disease Symptoms,74.3,success
373,Electrochemical Detection of Vanillin in Various Matrices,71.2,success
374,Organic Photovoltaic Materials and Device Stability Research,52.4,success
375,Muscle Biomechanics and Desmin Mutations Research,75.4,success
376,Energy Drink Effects on Blood Pressure in Mice,109.6,success
377,Chemical Synthesis and Catalysis Innovations,124.7,success
378,Genetic Variations Impacting Postprandial Glycemic Response,70.2,success
379,Multicomponent One-Pot Synthesis of Pharmaceutically Interesting Compounds,44.6,success
380,Green Catalysts in Organic Synthesis Reactions,35.2,success
381,Caffeine Citrate in Cancer Treatment Research,116.3,success
382,Caffeine's Impact on Dementia Symptoms Research,77.6,success
383,Adulterated Food Supplements in the Market Today,76.6,success
384,Caffeine Side Effects on Brain Health,55.8,success
385,Host Pathogen Interaction Dynamics Modeling,70.2,success
386,Taste and Smell Perceptions with Aging Research,127.7,success
387,Blood Donation Risk Factors Research Review,59.9,success
388,Matcha's Effects on Stress and Emotional Behaviors,39.5,success
389,Energy Drinks and Their Physiological Effects,65.5,success
390,Mycorrhizal Fungi and Tea Plant Nutrient Uptake,91.4,success
391,Anticancer Properties of Palm Pollen Extracts Studied,64.6,success
392,Pharmaceuticals and Supplements Research Findings,101.4,success
393,Anthocyanins and Related Compounds Equilibrium Constants Research,83.9,success
394,Antioxidants in Sunscreen Formulations Research Study Results,80.7,success
395,Oxytocin Measurement Variations Across Different Specimens and Methods,55.5,success
396,Oxidative Stress in Endometriosis Research Studies,92.2,success
397,Caffeine and Bronchopulmonary Dysplasia Research Study Results,96.7,success
398,Cell Cycle Arrest and DNA Damage Response Mechanisms,52,success
399,Coffee By-Product Research and Development,68.2,success
400,Dietary Management of Autosomal Dominant Polycystic Kidney Disease,181.5,success
401,Phytotoxicity of Caffeine in Tea Samples Studied,76.9,success
402,Semen Cryopreservation and Artificial Insemination Techniques Research,67.8,success
403,Theacrine's Antimetastatic Potential in Breast Cancer Cells,46.7,success
404,Protein Binding Modes on Nanoparticle Interfaces Studied,107.8,success
405,Pharmacokinetic Variability of Clozapine and Its Metabolite,47.8,success
406,Bruxism Research and Management Outcomes Review,84,success
407,Coffee Compound Quantification Methods,90.7,success
408,Restless Legs Syndrome in Children and Adolescents,87.8,success
409,Headaches in the Adolescent Population Research Study,163.4,success
410,Fermentation Characteristics of Spent Coffee Grounds in Dairy Cows,92.8,success
411,Caffeine's Impact on Fetal Testicular Development Toxicity,97.9,success
412,Pharmaceuticals Impact on Drinking Water Microbiota Systems,84.7,success
413,Characterization of Volatile Compounds in Tea Samples,92.9,success
414,Electrochemical Synthesis of Polypyrrole for Extraction Applications,69.5,success
415,Telomerase's Non-Canonical Functions Revealed,148.9,success
416,Decaffeination of Tea and Coffee Products,81.8,success
417,Raman Spectroscopy and Imaging of Pharmaceutical Tablets,48.6,success
418,Organometallic Compounds with Antiproliferative Activity,109.8,success
419,Pharmacodynamics of Analgesics Combinations,232.9,success
420,Rare Benign Headache Disorders in Adults and Children,106.9,success
421,Magnetic Microspheres for Polyphenol Extraction and Analysis,51,success
422,Thyroid Hormone Effects on Cardiac Electrical Remodeling,131,success
423,Molecular Interactions at Polystyrene Surfaces Studied,55.1,success
424,Nanoparticles Impact on Plant Growth and Development,76.5,success
425,Chlorination Reactions with Trichloroisocyanuric Acid and Catalysts,35.8,success
426,Exploring the Intersection of Technology and Rural Community Development,7.3,success
427,Comparing Cardiac Effects of Methylxanthines in Preterm Neonates,73.9,success
428,Plant Specialized Metabolites and Their Evolutionary Significance,48.9,success
429,Bodies in Everyday Life and Coping Strategies,68.6,success
430,Caffeine's Impact on Offspring Adiposity Outcomes Studied,64.6,success
431,Coffee Contamination and Ochratoxin A Reduction Strategies,21.2,success
432,Materials Science and Crystallography Research Cluster,100.1,success
433,Assessing Capacity for Hypertension Management in Ghana Communities,90.9,success
434,Exploring the Intersection of Technology and Community Development Initiatives,4.6,success
435,Therapeutic Approaches for Genetic Diseases Treatment Enhancement,112.2,success
436,Comparing Vertebral Anesthesia Methods for Cesarean Section Outcomes,93,success
437,Green Tea Amino Acid Research Findings Revealed,46.8,success
438,Wafer Cream Substitution with Carob Pods Powder,77.5,success
439,Supercritical Fluid Extraction Methods,130.4,success
440,Caffeine Complexes and Co-Crystal Stability Research,75.6,success
441,The Effects of Midday Napping on Cognitive Performance,77.4,success
442,Caffeine's Effects on Brain Metabolism in Anesthetized Rats,89.3,success
443,Caffeine's Impact on Brain and Behavior Systems,156.8,success
444,Nutrition During Pregnancy Research Study Findings Revealed,79.8,success
445,Polyphenolic Compounds in Traditional Medicine Research,115.9,success
446,Virtual Lab Experiments for High School Biology Classrooms,60.9,success
447,Medication Misuse in the Emergency Department Setting,104.9,success
448,Coffee and Cancer Research Findings Revealed,87.9,success
449,Exploring the Intersection of Technology and Rural Community Development,4.4,success
450,Anxiety Management for Adolescents and Young Adults,34.6,success
451,Coffee Consumption in Hemodialysis Patients Study,88.2,success
452,Energy Drink Use and Marijuana Intentions Among Adolescents,72.5,success
453,Adenosine Receptor Ligand Development Research,75.8,success
454,Cola's Protective Effect on Urinary Tract Infections,69.4,success
455,Forensic Analysis of Illicit Substance Sources,84.8,success
456,Natural Products and Their Structural Diversity,92.7,success
457,High-Performance Liquid Chromatography Method Development,86.3,success
458,Catalytic Degradation of Caffeine in Water Systems,60.9,success
459,Antipsychotic Medication and Inflammation Modulation Effects,78.7,success
460,Nutrient Variation in African Pear Accessions,145.9,success
461,Self-Selected Intensity Exercise in College-Aged Men,90.3,success
462,Radiation Induced Damage Suppression Strategies,99.4,success
463,Molecular Interactions and Binding Dynamics,45.3,success
464,Liquid Chromatography Tandem Mass Spectrometry Methods Validation,112.1,success
465,Community Engagement Strategies in Rural and Urban Areas,4,success
466,Energy Drinks Consumption Among Medical Students,57.1,success
467,Exercise and Diabetes Management Strategies,147.8,success
468,Phosphorylation of Caffeine Under Mild Electrochemical Conditions,21.6,success
469,Polyphenols in Metabolic Syndrome Prevention Research,59.8,success
470,Mitochondrial Dysfunction and Heart Disease Research,79.8,success
471,Skin Vascularization Models for Enhanced Dermal Bioavailability Studies,65.3,success
472,Phosphorylase Enzyme Activity and Inhibition Studies,107.9,success
473,Pharmacological Agents Acting at Alpha-2 Adrenergic Receptors,70.1,success
474,Floral Traits and Rewards in Agroecosystems Research,60,success
475,Alcohol Consumption Among College Students,62.6,success
476,Chronic Fatigue Syndrome Research and 3D Printing Applications,105.7,success
477,Pharmacokinetics of Drug-Drug Interactions in Rabbit Plasma,103.2,success
478,Antibiotic Resistance in Hospital Waste Systems Studied,36.1,success
479,Sleepiness and Risk-Taking Behavior Dynamics Studied,61.3,success
480,Brain Regions Associated with Taste Perception,88.6,success
481,Effects of tDCS and Caffeine on Muscular Strength,90.3,success
482,Rugby League Performance Enhancement Strategies,74.2,success
483,Caffeine's Effects on Macular Microvasculature Studied,84.3,success
484,Coffee Roasting Kinetics and Chlorogenic Acid Degradation,51.8,success
485,Caffeine and Embryonic Development in Cloned Porcine Embryos,91.6,success
486,Skin Barrier Diffusion Properties Anisotropy,72.4,success
487,Caffeine's Effect on Cognitive Function in Older Adults,87.9,success
488,Adenosine's Role in Chronic Pain Reactivation Mechanisms,56.1,success
489,Neurodegenerative Disease Research Findings Revealed,148,success
490,Tobacco Industry Manipulation of Nicotine Research Findings,74.7,success
491,Conditioning and Non-Alcoholic Beer Effects,81.2,success
492,Caffeine's Impact on Adrenal Gland Development in Rats,87.2,success
493,Genetic Variants and Methotrexate Treatment Response,95.7,success
494,Caffeine's Impact on Fetal Immune Development,95.7,success
495,Caffeine's Impact on Stingless Bee Foraging Behavior Studied,42.7,success
496,Prenatal Caffeine Consumption and Birth Size Outcomes,96.6,success
497,Pharmacokinetic Modeling in Drug Development Research,64.9,success
498,Bioactivity of Yellow Tea with Different Processing Times,73.2,success
499,The Psychoactive Properties of Arecoline Alkaloid,52,success
500,Liver Function Assessment in Hepatic Tumors Research,131.3,success
501,Nutrition's Impact on Inflammatory Pilosebaceous Disorders,67,success
502,Chemical Composition of Tea Leaves Variation Study,78.9,success
503,Coffee Content in Korean Beverages Study,88.8,success
504,Methyixanthines in Beverages: A Validated Method,116.3,success
505,Alcohol-Salt Aqueous Biphasic Systems Research and Development,62,success
506,Caffeine's Effects on Children's Processing Stages,83.5,success
507,Plant Metabolites and Interactions with Environment,69.9,success
508,Accessible Digital Content for Inclusive Community Engagement Platforms,4.5,success
509,Exercise and Metabolic Improvement in Obese Rats,59.6,success
510,Exploring the Intersection of Technology and Community Development,8.1,success
511,Community Engagement Strategies for Effective Public Transportation Planning,4.2,success
512,Atorvastatin's Effects on Gastric Smooth Muscle Tone,135.3,success
513,Replantation and Rehabilitation Protocols for Amputated Digits,33.5,success
514,Caffeine's Effects on Vessel Anastomosis Patency,129.1,success
515,Exploring Local History Through Community Archives and Oral Traditions,8.5,success
516,Purinergic System and Neurodegenerative Disease Research,112.6,success
517,Cinnamon's Neuroprotective Effects on Amyloid Beta Toxicity,131.1,success
518,Preconception Care Considerations and Breastfeeding Practices,144.9,success
519,Ultrasound Assisted Transdermal Transport Enhancement Systems,69.1,success
520,Coordination Chemistry of Theophylline Gold Complexes,61.1,success
521,Green Waste Antimicrobial Properties Research,76,success
522,Molecular Dynamics of Adenosine Analogues in Solution Environments,54.8,success
523,Migraine Management and Treatment Outcomes in Italy,123.5,success
524,Analyzing Methylxanthines in Cocoa Products with Mass Spectrometry Techniques,44.2,success
525,Fused Heterocyclic Systems Functionalization Advances Review,67.6,success
526,Phytochemicals and Sedative Hypnotic Activity,102.2,success
527,Release Kinetics in Complex Lipid Systems,74.9,success
528,Carbon Nanotube-Based Sensor Technologies and Applications,46.8,success
529,Coffee Bean Bioactive Compound Encapsulation Research,93.8,success
530,Analyzing Metabolomics in Tea Samples with NMR Spectroscopy,44.2,success
531,Caffeine's Effect on Rugby Player Performance,149.3,success
532,Effects of Creatine Supplementation on Anaerobic Capacity and Performance,135.8,success
533,Micropollutant Removal from Water Resources,108.5,success
534,RNA Decay Pathways in Eukaryotic Cells Studied,86.2,success
535,Caffeine's Effects on Microvascular Function and Blood Pressure,135.7,success
536,Exploring the Intersection of Technology and Rural Community Development,7.2,success
537,Exploring the Intersection of Technology and Rural Community Development,4.4,success
538,Molecularly Imprinted Polymers for Substance Recognition,105.6,success
539,Effects of High Hydrostatic Pressure on Green Tea Taste,52.4,success
540,Chemical Interactions in Green Tea Infusion Systems,54.9,success
541,Caffeine Adsorption on Montmorillonite Clay Minerals,72.2,success
542,Caffeine Degradation by Microbial Enzymes in Food Industry,62.2,success
543,Caffeine Analysis in Food and Beverage Products,75,success
544,Coffee's Impact on Cardiovascular Health Research,53.6,success
545,Benchtop NMR for Undergraduate Chemistry Laboratories,91.6,success
546,Metal Complexes in Antioxidant Activity Research,96.6,success
547,Chemoprotective Effects of Betong Watercress and PEITC,95.9,success
548,Rhabdomyolysis Prevention and Treatment Strategies for Clinicians,41.9,success
549,Caffeine Release Dynamics in Chewing Time Study,26,success
550,Adenosine's Role in Vasodilation and Ischemia Reperfusion Injury,89.7,success
551,Migraine Prognosis in Pediatric and Young Adult Patients,98.7,success
552,Respiratory Stimulants and Brainstem Function Dynamics,82.1,success
553,Clozapine and Electroencephalogram Abnormalities Research Study,89.7,success
554,Fullerene Interactions and Nanoscale Drug Delivery Systems,69.2,success
555,Sperm Motility Enhancement Strategies in Equines,179.6,success
556,Fungal Decay Detection in Strawberry Crops,50.4,success
557,Child Obesity and Taste Sensitivity Research,96.7,success
558,Coffee and Tea Health Risks Study Results,77.8,success
559,Fluoride's Impact on Tea Plant Biochemistry,125.8,success
560,Premature Birth and Fracture Risk in Children,75,success
561,DNA Methylation and Transposable Element Regulation,60.8,success
562,Advanced Materials for High-Temperature Processing Applications,53.2,success
563,Continuous Wet Granulation Process Optimization Strategies,100.5,success
564,Varroa Mite Impact on Honey Bees,71.4,success
565,Tributyltin Toxicity on Cardiac Function,95.1,success
566,Caffeine's Impact on Sprint Cycling Performance Variables,94.2,success
567,Brain Imaging Techniques and Applications Research,147.6,success
568,Caffeine's Protective Effects on Preterm Infant Kidneys,104,success
569,Chocolate Analysis Methods Comparison Study,68.3,success
570,Functional Connectivity Analysis in Resting-State fMRI Studies,124.1,success
571,Urban Watershed Fecal Contamination Research Cluster,88.7,success
572,Black Tea Processing and Quality Control Factors,66.3,success
573,Fiber Optic Dissolution Method Development Challenges,66.1,success
574,Cardiovascular Effects of Rolipram Inhibition,99.3,success
575,Alexithymia and Substance Use Disorder Relationships,68.1,success
576,Caffeine Effects on Visual Evoked Potential,96.7,success
577,Axolotl TRPA1 Activation and Heat Sensitivity Research,62.2,success
578,Brain Activity Changes in Premature Newborns Studied,52.2,success
579,Coffee Consumption Patterns and Health Perceptions Worldwide,57.5,success
580,Carbon Isotope Analysis in Tea and Beverage Research,104.2,success
581,Wolfram Syndrome and Cardiac Function Alterations,116.7,success
582,Optogenetic Stimulation of Schwann Cells Research,84.6,success
583,Antifungal and Antibacterial Properties of Plant Extracts,213.2,success
584,Caffeine's Impact on Medical Students' Sleep Patterns,80.2,success
585,Caffeine Enhances Synthetic Cathinone Reinforcing Effectiveness,107.7,success
586,Effects of Caffeine on Chondrocyte Viability and Synthesis,104.1,success
587,Comparing Caffeine and Aminophylline for Apnea Treatment,80.7,success
588,Skin Flap Necrosis Therapeutic Approaches Research Cluster,83.2,success
589,Combating Antibiotic Resistance with Combination Therapy Approaches,78.5,success
590,Corrosion Inhibition of Triazole-Theophylline Derivatives,70,success
591,Tinnitus Diet Research Review Findings Summary,43.8,success
592,Eating Disorders and Substance Use Comorbidity Research,80.4,success
593,Chemical Modification of Ions by SALDI Method,31.5,success
594,Electrochemical Methods for Pharmaceutical Analysis Development,54.5,success
595,Energy Drink Consumption Among Turkish University Students,70.3,success
596,Gene Duplication and Novel Function Acquisition,84.5,success
597,Caffeine Intake Patterns in Adolescents and Young Adults,90.4,success
598,Advanced Materials for Water Treatment Applications,145.6,success
599,Caffeine's Impact on Neurobehavioral Recovery Post-Injury,101.3,success
600,Caffeine's Effects on Maximum Strength and Mechanisms,116.6,success
601,Maternal Obesity Programming Effects on Offspring Metabolism,98.2,success
602,Environmental Analysis of Activated Carbon Adsorption Methods,110,success
603,Caffeine Abuse in Indian Youth Population Study,78,success
604,Tea and Parkinson's Disease Meta-Analysis Results,88.3,success
605,Titanate Nanomaterials for Photocatalytic Oxidation Processes,117.5,success
606,Community Engagement Strategies in Urban Neighborhoods and Local Governance,5.3,success
607,Caffeine's Effect on Blood Pressure and Cognitive Function,103.5,success
608,Bioactive Compounds in Cocoa Products Research,102.7,success
609,Liquid-Liquid Equilibrium in Ionic Liquid-Carbohydrate Systems,83.9,success
610,Encapsulation Methods for MOFs and Organic Additives,77.6,success
611,Prescription Medication Abuse in Eating Disorders Cases,42.6,success
612,Caffeine's Impact on Pregnancy and Fetal Development,93,success
613,Caffeine and Exercise Research Studies Database,27.1,success
614,Caffeine Overdose and Cardiac Complications in Young Adults,35.2,success
615,Caffeine's Effects on Neural Synaptic Plasticity,98.8,success
616,Placenta Research and Development Challenges,73.6,success
617,Caffeine's Effects on Rodent Behavior and Cognition,94.9,success
618,Caffeine's Impact on Fetal Development and Thyroid Function,88,success
619,Caffeine's Impact on Exercise and Blood Clotting,129.8,success
620,Testosterone's Role in Anxiety Disorders Research,104.3,success
621,Caffeine and Neurodevelopment in Premature Infants,75.6,success
622,Coffee and Tea Consumption Meta-Analysis Study Results,108.9,success
623,Biotechnology Advances in Protein Production Systems,102.2,success
624,Electrochemical Sensors for Pharmaceutical Analysis Development,60.8,success
625,Caffeine Free Herbal Tea Research Findings Revealed,59.5,success
626,Recycling Expired Medicines as Sustainable Energy Sources,83.1,success
627,Molecularly Imprinted Polymers for Caffeine Detection,105.3,success
628,Stimulant-Induced Psychosis in Modern Clinical Practices,78.3,success
629,Preeclampsia Glycocalyx Degradation Research Cluster,153.2,success
630,Functional Magnetic Resonance Imaging Techniques and Applications,59,success
631,Protein Binding and Uric Acid Interactions,60,success
632,Toxoplasma gondii Parasite Research Cluster Content,95.4,success
633,Ergogenic Aids in Exercise Performance Research,113.9,success
634,Metabolic Response to Citrus Aurantium and Caffeine Ingestion,128.4,success
635,Green Tea Quality Control Methods,89,success
636,Exploring the Intersection of Technology and Rural Community Development,14.5,success
637,PTSD Symptoms Vary Across Weekdays and Weekends,69.4,success
638,Coffee Grounds as Biochar for Humidity Sensors,88.4,success
639,Caffeine's Effect on Preterm Infant Vascular Flow Dynamics,85.3,success
640,Plant Sources of Methylxanthines and Caffeine Compounds,71.9,success
641,Water Molecules and Caffeine/Taurine Interaction Dynamics,47.2,success
642,Biochemical Enzyme Expression Systems,84.4,success
643,Green Coffee Bean Nutraceuticals for Health Benefits,72.8,success
644,Sperm Motility and Fertility Treatment Outcomes Research,102.9,success
645,Community Engagement Strategies in Rural and Urban Areas,10.6,success
646,Neurotransmitters and their role in brain function regulation,78.8,success
647,Fuss Protein Family and TGF-Î²/BMP Signaling Pathways,172.5,success
648,Medication Side Effects and Unintended Consequences Identified,42.5,success
649,Natural Products for Wood Protection Applications,46.5,success
650,Carbon Nanotubes as Magnetic Separation Agents,84.4,success
651,Sleep Patterns in Young Adults and College Students,101,success
652,Electrochemical Determination of Caffeine Content,68,success
653,Brewers' Spent Grain as a Sustainable Resource,93.8,success
654,Calcium Signaling in Cardiac Myocytes Research,94.4,success
655,Sugar Sweetened Beverages in Adolescents Research Study,75.4,success
656,Caffeine's Effects on Ram Semen Preservation,110.2,success
657,Coffee and Liver Disease Outcomes Study,141.4,success
658,Green Tea Prebiotic Properties Research Study Results,65.1,success
659,Tablets for Oral Suspension (TOS) Development Research,57.8,success
660,The Biosynthesis Pathway of Tea's Unique Amino Acid Theanine,148,success
661,Pesticide Effect and Action Mode Research Cluster,68.7,success
662,Cardiotoxicity and Secreted Frizzled-related Protein 1 Interaction,135.5,success
663,Green Tea Effects on Textured Vegetable Protein Properties,73.1,success
664,Portable Fluorescence Sensors for Water Contaminant Monitoring,93.5,success
665,Protein Phosphatases and Their Regulatory Domains Dissected,83.2,success
666,Addiction to Sugar Sweetened Beverages in Adolescents,85.5,success
667,Aminophylline Efficacy and Safety in Neonatal Intensive Care Unit,132.1,success
668,Caffeine's Impact on Visual Perception and Sensitivity Studies,63.5,success
669,Metabolism of Chemicals in Human and Pig Skin Explants,81.7,success
670,Coffee's Impact on Metabolic Syndrome and Cataract Formation,96.1,success
671,Coffee and Prostate Cancer Outcomes Research,104.7,success
672,Consumer Acceptance of Carob as Chocolate Substitute,77.4,success
673,Cocoa's Effect on Orthodontic Tooth Movement Research,96.1,success
674,Phenolic Acids in Tea Samples Analysis,66.3,success
675,Kinesio Tape Effectiveness in Muscle Strength and Activation,102.4,success
676,Microbial Endocrinology and Nutrition Interactions,110.3,success
677,Caffeine Detection Methods Development Research,91,success
678,Electrochemical Quantification of Green Tea Catechins,79,success
679,Amino Acids and Pancreatic Injury Mechanisms,100.2,success
680,Cold Brew Coffee Extraction Techniques Comparison Study,52.2,success
681,Alcohol's Impact on Cognition and Performance,100,success
682,Polymer Monoliths in Capillary Electrochromatography Applications,97.6,success
683,Sleep Patterns in Adolescents and Their Consequences,72.8,success
684,Microbial Growth and Enzyme Activity Optimization,100.1,success
685,Coffee Roasting Experimentation and Quality Analysis,108.7,success
686,Coffee and Cardiovascular Disease Prevention Research,77.3,success
687,Exploring the Intersection of Technology and Community Development Initiatives,16,success
688,Exploring the Intersection of Technology and Community Development Initiatives,6.2,success
689,Exploring the Intersection of Technology and Community Development Initiatives,5.1,success
690,Exploring the Intersection of Technology and Community Development Initiatives,7.4,success
691,Exploring the Intersection of Technology and Community Development Initiatives,12.4,success
692,Exploring the Intersection of Technology and Community Development Initiatives,6,success
693,Mold Growth Inhibition Research Studies,76,success
694,Exploring the Intersection of Technology and Community Development Initiatives,6.7,success
695,Regulating Bodies in Virtual Gaming Spaces,89.6,success
696,Effects of Ultrasound on Tea Brew Quality,74.7,success
697,Microfluidics and Electrochemical Detection Systems Development,75.4,success
698,Coffee Poisoning in Horses Case Study,199.5,success
699,DNA Immobilization for Biorecognition Applications Research,46,success
700,Toxic Mechanisms of Polyhexamethylene Guanidine Phosphate (PHMG-p),98.8,success
701,Understanding Fatigue Across Different Biological and Psychological Domains,111.8,success
702,Doping in Amateur Sports: A Growing Concern,109.1,success
703,The Dark Side of Energy Drinks for Children,47.4,success
704,Energy Drinks and Young Adults' Health Risks,104.8,success
705,Lifestyle Interventions for Managing Parkinson's Disease Symptoms Effectively,47.7,success
706,Caffeine Poisoning and Its Fatal Consequences,51.9,success
707,Caffeine and Exercise Performance Outcomes,68.9,success
708,Epigenetic Reprogramming Strategies in Equine SCNT Cloning,75.5,success
709,Natural Emulsion Formulation and Characterization Studies,80,success
710,Coffee Bean Volatile Compound Analysis Study,76,success
711,TGF-Beta and Hyperoxia Induced Brain Damage Research,69.3,success
712,Ionic Liquids in Aqueous Biphasic Systems Research,87.8,success
713,Diet-Induced Thermogenesis in Mice Research,62.9,success
714,Caffeine Derivatives and Drug-Likeness Research Cluster,60.1,success
715,Green Analytical Chemistry Methods Development,64.9,success
716,Coffee Bean Genetic Diversity Analysis,74.1,success
717,Adsorption Kinetics and Mechanisms of Clinoptilolite,72.4,success
718,Genetic Markers for Caffeine-Less Tea Cultivars Development,61.1,success
719,Exercise Physiology in Diabetic Rats Study,100.9,success
720,Caffeine's Impact on Human Cognitive Function,125.4,success
721,Pharmaceutical Micropollutants in Municipal Wastewater Treatment Plants,102.9,success
722,Shift Work and Its Effects on Nutrition and Health,115.6,success
723,Effects of Caffeine on Marathon Runners' Physiological Responses,87,success
724,Chromatographic Data Processing Techniques Comparison Study,63,success
725,Supercritical Fluid Extraction of Psidium Guajava L Leaves,57.5,success
726,Exploring the Intersection of Technology and Community Development Initiatives,5.1,success
727,OTC Medicine Utilization Patterns in South Africa,95.2,success
728,Sleep Disorders in Hospitalized Children Study,83,success
729,Exploring the Intersection of Technology and Community Development Initiatives,6,success
730,Herbal Slimming Products Quality Control Analysis,67.6,success
731,Shift Work and Diet Outcomes Research,138.5,success
732,Liquid Chromatography Analysis Techniques for Tea Catechins,100.7,success
733,Caffeine Safety in Sport Supplements Market,86.3,success
734,Blueberry Juice and Fatigue Research Findings,71.5,success
735,Urbanization and Water Quality Deterioration in Rivers,85.7,success
736,Caffeine and Temperature Effects on Cognitive Performance,79.6,success
737,Phytocomponents of Shammah in Saudi Arabia,82.4,success
738,Cortisol's Impact on Systemic Arterial Hypertension Research,59.4,success
739,Caffeine Effects on Soccer Player Performance,77.5,success
740,Black Tea's Antidiabetic Properties and Chemical Composition,63.5,success
741,Permeation Enhancers and Skin Penetration Mechanisms,81.1,success
742,Marmoset Models for Human Drug Metabolism Studies,80.5,success
743,Bayesian Methods for Informative Sampling Designs,58.1,success
744,Coffee Bean Quality Attributes Research Study Results,75.7,success
745,Comparing Efficacy of Caffeine vs Theophylline in Premature Infants,108,success
746,Iron Chelators in Cancer Therapeutic Research,79.5,success
747,Liquid Chromatography Tandem Mass Spectroscopy Methods,102.8,success
748,UV Radiation and Skin Cancer Research,69.9,success
749,Challenges in Computing Phase Equilibria with Supercritical Fluids,23.9,success
750,Coffee Consumption and Female Hormone-Related Cancers Research,89.9,success
751,Effects of Acute Pain on Cognitive Function and Mobility,107.7,success
752,Caffeine's Effect on Local Anesthesia Outcomes,86.5,success
753,Bilirubin Neurotoxicity in Preterm Neonates Research,113,success
754,Caffeine's Effects on Learning and Memory Functions,92.4,success
755,Phytochemicals and Their Sedative-Hypnotic Effects on Mammals,51.1,success
756,Community Engagement Strategies in Rural and Urban Areas,9.5,success
757,Lifestyle Factors Influencing Parkinson's Disease Progression,131.8,success
758,Corrosion Inhibition with Caffeine and Nicotine Coatings,67.3,success
759,Caffeine Consumption Habits Among College Students Studied,67.9,success
760,Elevated Plus Maze Anxiety Research Study Design,77.9,success
761,Environmental Remediation Technologies for Sustainable Future,63.9,success
762,Peptide Structure and Bitter Taste Relationships,55.1,success
763,Caffeine's Impact on Central Taste Processing Mechanisms,72.2,success
764,Alternative Methods for Toxicity Testing Validation,64.7,success
765,Coffee Bean Fermentation Process Optimization Research,73,success
766,Prevalence of Premenstrual Syndrome Among University Students,96,success
767,Phytochemicals for Honey Bee Health Benefits,72.3,success
768,DNA Repair Mechanisms Under UV Radiation Stress,72.5,success
769,Women's Sleep Disturbances and Health Risks,102.8,success
770,Advances in Multi-Lumen Capillary Column Technology,119.2,success
771,Nicotine's Impact on Drug Sensitivity and Addiction Liability,75.1,success
772,Sleep Patterns in Medical Students and Academic Performance,113.3,success
773,Caffeine's Lasting Effects on Adolescent Brain Development,70.9,success
774,Drosophila Grooming Behavior and Taste Receptor Function,64.5,success
775,Calcium Signaling Pathways in Neuronal Cells,83.9,success
776,Solubility Measurements in Compressed Carbon Dioxide Systems,43.5,success
777,Coffee and Adiposity Relationship Study,104.1,success
778,Exploring the Intersection of Technology and Community Development Initiatives,7.6,success
779,Effects of Benzodiazepine Drugs on Vital Organs Research,100,success
780,Cyclooxygenases and Their Role in Human Health Research,67.2,success
781,Herbal Medicine Quality Control Methods,65.1,success
782,Hippocampal Area CA2 Function and Regulation,100.4,success
783,Genetic Risk Factors and Insulin Resistance Interaction,118.7,success
784,Fetal Motion and Maternal Diet Studies,74.5,success
785,Toxic Tea Brewing Habits and Health Risks,58.7,success
786,Solid Lipid Microparticles Dissolution Behavior Study,88.5,success
787,Cancer Immunotherapy and Natural Killer Cell Activation,120.7,success
788,Caffeine's Impact on Diabetes and Urinary Function,68.4,success
789,Community Engagement Strategies in Rural and Urban Areas,4.3,success
790,Food Quality Inspection with Terahertz Spectroscopy Technology,23.8,success
791,Chemical Attractants for Ants and Aphid Control Strategies,70,success
792,Vasorelaxation and Mechanism of Tiliacorinine Derivatives,128.4,success
793,Exploring the Intersection of Technology and Community Development Initiatives,5.8,success
794,Caffeine Detection with Perylene Diimide Derivatives,45.1,success
